,ID,title,date,url
0,d-5237944,Polda DIY Ungkap Kasus Psikotropika di Yogya Meningkat Saat Pandemi, 02 Nov 2020 13:48 WIB,https://news.detik.com/berita-jawa-tengah/d-5237944/polda-diy-ungkap-kasus-psikotropika-di-yogya-meningkat-saat-pandemi?single=1
1,d-5237846,Pasangan Suami Istri Pencetak Uang Palsu di Boyolali Ditangkap, 02 Nov 2020 12:52 WIB,https://news.detik.com/berita-jawa-tengah/d-5237846/pasangan-suami-istri-pencetak-uang-palsu-di-boyolali-ditangkap?single=1
2,d-5230819,"Alarm Berbunyi, 2 Pria Ini Gagal Curi Motor di Mampang Jaksel", 27 Okt 2020 16:17 WIB,https://news.detik.com/berita/d-5230819/alarm-berbunyi-2-pria-ini-gagal-curi-motor-di-mampang-jaksel?single=1
3,d-5230565,Pembunuh Wanita di Kamar Hotel Sempat Berhubungan Badan dengan Korban, 27 Okt 2020 14:31 WIB,https://news.detik.com/berita-jawa-tengah/d-5230565/pembunuh-wanita-di-kamar-hotel-sempat-berhubungan-badan-dengan-korban?single=1
4,d-5199177,Polisi: Rafi Disandera agar Tunjukkan Teman yang Utang Sewa Apartemen, 04 Okt 2020 11:38 WIB,https://news.detik.com/berita/d-5199177/polisi-rafi-disandera-agar-tunjukkan-teman-yang-utang-sewa-apartemen?single=1
5,d-5194700,"Gasak Barang di Gudang Senilai Rp 583 Juta, 5 Karyawan Diciduk Polisi", 30 Sep 2020 18:28 WIB,https://news.detik.com/berita-jawa-tengah/d-5194700/gasak-barang-di-gudang-senilai-rp-583-juta-5-karyawan-diciduk-polisi?single=1
6,d-5193813,"Kabur saat Ditangkap, Begal Motor-Emas di 35 TKP Makassar Ditembak", 30 Sep 2020 11:03 WIB,https://news.detik.com/berita/d-5193813/kabur-saat-ditangkap-begal-motor-emas-di-35-tkp-makassar-ditembak?single=1
7,d-5192785,Aksi Komplotan Maling Gasak Rp 600 Juta di Kudus Terekam CCTV!, 29 Sep 2020 15:43 WIB,https://news.detik.com/berita-jawa-tengah/d-5192785/aksi-komplotan-maling-gasak-rp-600-juta-di-kudus-terekam-cctv?single=1
8,d-5192276,"Viral Pemotor Jadi Korban Pelecehan di Cipondoh, Begini Kejadiannya", 29 Sep 2020 10:29 WIB,https://news.detik.com/berita/d-5192276/viral-pemotor-jadi-korban-pelecehan-di-cipondoh-begini-kejadiannya?single=1
9,d-5188575,Jahat! Paman Setubuhi dan Ancam Keponakan Sendiri, 25 Sep 2020 19:52 WIB,https://news.detik.com/berita-jawa-tengah/d-5188575/jahat-paman-setubuhi-dan-ancam-keponakan-sendiri?single=1
10,d-5184801,"Ancam Viralkan Foto Tak Senonoh, Pria Ini Cabuli 3 Anak di Bawah Umur", 23 Sep 2020 14:31 WIB,https://news.detik.com/berita-jawa-tengah/d-5184801/ancam-viralkan-foto-tak-senonoh-pria-ini-cabuli-3-anak-di-bawah-umur?single=1
11,d-5184417,"Cantik-cantik Kriminal, Selebgram Dipenjara karena Kasus Narkoba & Pencurian", 23 Sep 2020 10:47 WIB,https://wolipop.detik.com/entertainment-news/d-5184417/cantik-cantik-kriminal-selebgram-dipenjara-karena-kasus-narkoba--pencurian?single=1
12,d-5181215,Cerita Ngeri Laeli dan Fajri Tidur Bareng Jenazah Rinaldi, 21 Sep 2020 08:05 WIB,https://news.detik.com/berita/d-5181215/cerita-ngeri-laeli-dan-fajri-tidur-bareng-jenazah-rinaldi?single=1
13,d-5179458,"Tanpa Helm dan Masker, Pengendara Bawa Parang di Makassar Ditangkap", 19 Sep 2020 10:08 WIB,https://news.detik.com/berita/d-5179458/tanpa-helm-dan-masker-pengendara-bawa-parang-di-makassar-ditangkap?single=1
14,d-5179358,Cerita Ngeri Pemutilasi Bawa Potongan Tubuh Korban Naik Taksi, 19 Sep 2020 07:30 WIB,https://news.detik.com/berita/d-5179358/cerita-ngeri-pemutilasi-bawa-potongan-tubuh-korban-naik-taksi?single=1
15,d-5178546,"Bikin Geleng-geleng, Begini Pengakuan Maling Celana Dalam Bermobil", 18 Sep 2020 15:58 WIB,https://news.detik.com/berita-jawa-tengah/d-5178546/bikin-geleng-geleng-begini-pengakuan-maling-celana-dalam-bermobil?single=1
16,d-5178384,Ternyata Ini Motif Maling Celana Dalam yang Mobilnya Terguling Saat Kabur, 18 Sep 2020 14:44 WIB,https://news.detik.com/berita-jawa-tengah/d-5178384/ternyata-ini-motif-maling-celana-dalam-yang-mobilnya-terguling-saat-kabur?single=1
17,d-5176748,"Buron Penipuan Rp 4,6 M Ditangkap di Banyumas", 17 Sep 2020 12:47 WIB,https://news.detik.com/berita-jawa-tengah/d-5176748/buron-penipuan-rp-46-m-ditangkap-di-banyumas?single=1
18,d-5174775,Polisi Akan Periksa Tes Kejiwaan Pembacok Ketua DKM Nurul Iman di Sumsel, 16 Sep 2020 06:47 WIB,https://news.detik.com/berita/d-5174775/polisi-akan-periksa-tes-kejiwaan-pembacok-ketua-dkm-nurul-iman-di-sumsel?single=1
19,d-5174755,Muhammadiyah Sedih-Prihatin Ketua DKM Tewas Dibacok Gegara Kunci Kotak Amal, 16 Sep 2020 05:45 WIB,https://news.detik.com/berita/d-5174755/muhammadiyah-sedih-prihatin-ketua-dkm-tewas-dibacok-gegara-kunci-kotak-amal?single=1
20,d-5172333,"Nenek Dianiaya dan Nyaris Diperkosa di Klaten, Polisi Cek CCTV", 14 Sep 2020 13:37 WIB,https://news.detik.com/berita-jawa-tengah/d-5172333/nenek-dianiaya-dan-nyaris-diperkosa-di-klaten-polisi-cek-cctv?single=1
21,d-5168707,Sadis! Seorang Nenek Dianiaya dan Nyaris Diperkosa di Klaten, 11 Sep 2020 10:52 WIB,https://news.detik.com/berita-jawa-tengah/d-5168707/sadis-seorang-nenek-dianiaya-dan-nyaris-diperkosa-di-klaten?single=1
22,d-5164658,"Reka Ulang Pembunuhan Nenek di Temanggung, Anak-Menantu Jalani 22 Adegan", 08 Sep 2020 17:21 WIB,https://news.detik.com/berita-jawa-tengah/d-5164658/reka-ulang-pembunuhan-nenek-di-temanggung-anak-menantu-jalani-22-adegan?single=1
23,d-5164445,Bejat! Paman di Bekasi Cabuli Keponakan hingga Hamil 3 Bulan, 08 Sep 2020 15:25 WIB,https://news.detik.com/berita/d-5164445/bejat-paman-di-bekasi-cabuli-keponakan-hingga-hamil-3-bulan?single=1
24,d-5164192,Waspada! Marak Penipu Jual Beli Tanaman Hias di Medsos, 08 Sep 2020 12:46 WIB,https://news.detik.com/berita/d-5164192/waspada-marak-penipu-jual-beli-tanaman-hias-di-medsos?single=1
25,d-5163892,"Polisi Amankan 6 Pemuda di Makassar, Diduga Hendak Lakukan Penyerangan", 08 Sep 2020 09:08 WIB,https://news.detik.com/berita/d-5163892/polisi-amankan-6-pemuda-di-makassar-diduga-hendak-lakukan-penyerangan?single=1
26,d-5161956,Pekerja di TPA Sampah Ini Disiram Minyak Lalu Dibakar Orang Tak Dikenal, 06 Sep 2020 16:24 WIB,https://news.detik.com/berita-jawa-tengah/d-5161956/pekerja-di-tpa-sampah-ini-disiram-minyak-lalu-dibakar-orang-tak-dikenal?single=1
27,d-5160553,"Remas Payudara Siswi SMA, Pria di Luwu Timur Ditangkap Polisi", 04 Sep 2020 23:35 WIB,https://news.detik.com/berita/d-5160553/remas-payudara-siswi-sma-pria-di-luwu-timur-ditangkap-polisi?single=1
28,d-5157984,"Ngeluh Ingin Mati, Suami Bakar Keluarga Ngaku Didatangi Mendiang Korban", 03 Sep 2020 12:03 WIB,https://news.detik.com/berita-jawa-tengah/d-5157984/ngeluh-ingin-mati-suami-bakar-keluarga-ngaku-didatangi-mendiang-korban?single=1
29,d-5157884,"5 Hari Dirawat, Suami di Pekalongan yang Bakar Keluarga Akhirnya Tewas", 03 Sep 2020 11:04 WIB,https://news.detik.com/berita-jawa-tengah/d-5157884/5-hari-dirawat-suami-di-pekalongan-yang-bakar-keluarga-akhirnya-tewas?single=1
30,d-5156128,"Bentrok Antarkelompok di Samarinda Gegara Salah Paham, 1 Warga Tewas", 02 Sep 2020 07:23 WIB,https://news.detik.com/berita/d-5156128/bentrok-antarkelompok-di-samarinda-gegara-salah-paham-1-warga-tewas?single=1
31,d-5153406,"Pilu Khuzaeri, Anak-Cucu Tewas Dibakar Menantu dan Rumahnya Ludes", 31 Agu 2020 12:31 WIB,https://news.detik.com/berita-jawa-tengah/d-5153406/pilu-khuzaeri-anak-cucu-tewas-dibakar-menantu-dan-rumahnya-ludes?single=1
32,d-5153174,7 Fakta dari Kasus Suami Sadis Bakar Anak-Istri di Pekalongan, 31 Agu 2020 09:28 WIB,https://news.detik.com/berita-jawa-tengah/d-5153174/7-fakta-dari-kasus-suami-sadis-bakar-anak-istri-di-pekalongan?single=1
33,d-5152548,"Bunuh Anak-Istri, Pelaku Ternyata Sering Ancam Bakal Bakar Keluarga", 30 Agu 2020 14:08 WIB,https://news.detik.com/berita-jawa-tengah/d-5152548/bunuh-anak-istri-pelaku-ternyata-sering-ancam-bakal-bakar-keluarga?single=1
34,d-5152447,Kondisi Terkini Suami yang Bakar Diri dan Anak-Istri di Pekalongan, 30 Agu 2020 12:07 WIB,https://news.detik.com/berita-jawa-tengah/d-5152447/kondisi-terkini-suami-yang-bakar-diri-dan-anak-istri-di-pekalongan?single=1
35,d-5149857,Fakta Lengkap Pembunuhan Sadis 4 Orang Sekeluarga di Sukoharjo, 28 Agu 2020 08:57 WIB,https://news.detik.com/berita-jawa-tengah/d-5149857/fakta-lengkap-pembunuhan-sadis-4-orang-sekeluarga-di-sukoharjo?single=1
36,d-5149071,"Pembunuhan Sadis Sekeluarga di Sukoharjo, Polisi: Pelaku Tak Menyesal", 27 Agu 2020 16:43 WIB,https://news.detik.com/berita-jawa-tengah/d-5149071/pembunuhan-sadis-sekeluarga-di-sukoharjo-polisi-pelaku-tak-menyesal?single=1
37,d-5148886,Segini Utang Pelaku hingga Tega Bunuh 4 Orang Sekeluarga di Sukoharjo, 27 Agu 2020 15:12 WIB,https://news.detik.com/berita-jawa-tengah/d-5148886/segini-utang-pelaku-hingga-tega-bunuh-4-orang-sekeluarga-di-sukoharjo?single=1
38,d-5148738,"Pembunuhan Sadis Sekeluarga Sukoharjo, Pelaku Sempat Setor Duit ke Korban", 27 Agu 2020 13:28 WIB,https://news.detik.com/berita-jawa-tengah/d-5148738/pembunuhan-sadis-sekeluarga-sukoharjo-pelaku-sempat-setor-duit-ke-korban?single=1
39,d-5147923,"Eks GM Perusahaan Ini Nekat Gelapkan Sensor Kebakaran Senilai Rp 1,7 M", 26 Agu 2020 19:29 WIB,https://news.detik.com/berita-jawa-tengah/d-5147923/eks-gm-perusahaan-ini-nekat-gelapkan-sensor-kebakaran-senilai-rp-17-m?single=1
40,d-5147376,"Kasus Kriminal Kembali Marak, Ini Respons Wali Kota Bandung", 26 Agu 2020 14:54 WIB,https://news.detik.com/berita-jawa-barat/d-5147376/kasus-kriminal-kembali-marak-ini-respons-wali-kota-bandung?single=1
41,d-5147375,"Reka Ulang Pembunuhan Sekeluarga Sukoharjo Tak Digelar di TKP, Kenapa?", 26 Agu 2020 14:54 WIB,https://news.detik.com/berita-jawa-tengah/d-5147375/reka-ulang-pembunuhan-sekeluarga-sukoharjo-tak-digelar-di-tkp-kenapa?single=1
42,d-5147342,"Kerabat Curiga Ada Pelaku Lain Pembunuhan Sadis di Sukoharjo, Ini Kata Polisi", 26 Agu 2020 14:38 WIB,https://news.detik.com/berita-jawa-tengah/d-5147342/kerabat-curiga-ada-pelaku-lain-pembunuhan-sadis-di-sukoharjo-ini-kata-polisi?single=1
43,d-5147163,Pembunuh 4 Orang Sekeluarga Ternyata Sempat Balik ke TKP Untuk Ambil Ini, 26 Agu 2020 13:07 WIB,https://news.detik.com/berita-jawa-tengah/d-5147163/pembunuh-4-orang-sekeluarga-ternyata-sempat-balik-ke-tkp-untuk-ambil-ini?single=1
44,d-5147081,"Jambret Ponsel dan Bacok Warga di Bekasi, Pria Bergolok Diamuk Massa", 26 Agu 2020 12:05 WIB,https://news.detik.com/berita/d-5147081/jambret-ponsel-dan-bacok-warga-di-bekasi-pria-bergolok-diamuk-massa?single=1
45,d-5147038,Pembunuh 4 Orang Sekeluarga Sukoharjo Ternyata Juga Curi Motor Korban, 26 Agu 2020 11:36 WIB,https://news.detik.com/berita-jawa-tengah/d-5147038/pembunuh-4-orang-sekeluarga-sukoharjo-ternyata-juga-curi-motor-korban?single=1
46,d-5146995,Tangis Kerabat Korban Pembunuhan 4 Sekeluarga di Sukoharjo, 26 Agu 2020 11:25 WIB,https://news.detik.com/foto-news/d-5146995/tangis-kerabat-korban-pembunuhan-4-sekeluarga-di-sukoharjo?single=1
47,d-5146904,Tangis Kerabat Saat Rumah TKP Pembunuhan 4 Sekeluarga Sukoharjo Dibuka, 26 Agu 2020 10:40 WIB,https://news.detik.com/berita-jawa-tengah/d-5146904/tangis-kerabat-saat-rumah-tkp-pembunuhan-4-sekeluarga-sukoharjo-dibuka?single=1
48,d-5146267,"Gegara Kepo, Pria Ini Nekat Curi Ponsel Pacar Lalu Ditangkap Polisi", 25 Agu 2020 18:35 WIB,https://news.detik.com/berita-jawa-tengah/d-5146267/gegara-kepo-pria-ini-nekat-curi-ponsel-pacar-lalu-ditangkap-polisi?single=1
49,d-5146230,"Pria Gunungkidul Ini Begal Istrinya Sendiri, Lho Kok?", 25 Agu 2020 18:11 WIB,https://news.detik.com/berita-jawa-tengah/d-5146230/pria-gunungkidul-ini-begal-istrinya-sendiri-lho-kok?single=1
50,d-5145813,Kerabat 4 Orang Sekeluarga yang Dibunuh Ungkap Motor Korban Ternyata Hilang, 25 Agu 2020 14:30 WIB,https://news.detik.com/berita-jawa-tengah/d-5145813/kerabat-4-orang-sekeluarga-yang-dibunuh-ungkap-motor-korban-ternyata-hilang?single=1
51,d-5145584,"Nenek Dibunuh Anak-Menantu di Temanggung, Polisi Cek Kejiwaan Pelaku", 25 Agu 2020 12:05 WIB,https://news.detik.com/berita-jawa-tengah/d-5145584/nenek-dibunuh-anak-menantu-di-temanggung-polisi-cek-kejiwaan-pelaku?single=1
52,d-5145310,Adakah Pelaku Lain dalam Pembunuhan 4 Orang Sekeluarga di Sukoharjo?, 25 Agu 2020 08:41 WIB,https://news.detik.com/berita-jawa-tengah/d-5145310/adakah-pelaku-lain-dalam-pembunuhan-4-orang-sekeluarga-di-sukoharjo?single=1
53,d-5145302,Nenek Naruh Dibunuh Anak-Menantu yang Mengaku Dapat Bisikan Gaib, 25 Agu 2020 08:22 WIB,https://news.detik.com/berita-jawa-tengah/d-5145302/nenek-naruh-dibunuh-anak-menantu-yang-mengaku-dapat-bisikan-gaib?single=1
54,d-5145047,Kejanggalan Ini Ungkap Pembunuhan Sadis Nenek yang Dilaporkan Gantung Diri, 24 Agu 2020 20:18 WIB,https://news.detik.com/berita-jawa-tengah/d-5145047/kejanggalan-ini-ungkap-pembunuhan-sadis-nenek-yang-dilaporkan-gantung-diri?single=1
55,d-5145041,Pemulung Colong Cap Batik Masterpiece Kuno di Solo, 24 Agu 2020 20:10 WIB,https://news.detik.com/berita-jawa-tengah/d-5145041/pemulung-colong-cap-batik-masterpiece-kuno-di-solo?single=1
56,d-5145030,Polisi Dalami Motif Lain Pembunuhan Sadis 4 Orang Sekeluarga Sukoharjo, 24 Agu 2020 20:01 WIB,https://news.detik.com/berita-jawa-tengah/d-5145030/polisi-dalami-motif-lain-pembunuhan-sadis-4-orang-sekeluarga-sukoharjo?single=1
57,d-5145023,"Nenek Dilaporkan Gantung Diri Ternyata Dibunuh, Pelaku Ngaku Dengar Bisikan", 24 Agu 2020 19:54 WIB,https://news.detik.com/berita-jawa-tengah/d-5145023/nenek-dilaporkan-gantung-diri-ternyata-dibunuh-pelaku-ngaku-dengar-bisikan?single=1
58,d-5144945,"Ngaku Wartawan, Pria Ini Peras Pengelola Objek Wisata di Wonosobo", 24 Agu 2020 19:31 WIB,https://news.detik.com/berita-jawa-tengah/d-5144945/ngaku-wartawan-pria-ini-peras-pengelola-objek-wisata-di-wonosobo?single=1
59,d-5144759,"4 Orang Sekeluarga Dihabisi Teman Bisnis, Kerabat Curiga Ada Pelaku Lain", 24 Agu 2020 18:15 WIB,https://news.detik.com/berita-jawa-tengah/d-5144759/4-orang-sekeluarga-dihabisi-teman-bisnis-kerabat-curiga-ada-pelaku-lain?single=1
60,d-5144758,Polisi Dalami Pelaku Lain di Kasus Pria Bunuh Ipar di Dompu NTB, 24 Agu 2020 18:15 WIB,https://news.detik.com/berita/d-5144758/polisi-dalami-pelaku-lain-di-kasus-pria-bunuh-ipar-di-dompu-ntb?single=1
61,d-5144747,"Jalani Sidang Perdana, Kades Penampar Bocah Didakwa Pasal Penganiayaan", 24 Agu 2020 17:58 WIB,https://news.detik.com/berita-jawa-tengah/d-5144747/jalani-sidang-perdana-kades-penampar-bocah-didakwa-pasal-penganiayaan?single=1
62,d-5144652,Yang Masih Jadi Misteri di Pembunuhan 4 Orang Sekeluarga Sukoharjo, 24 Agu 2020 16:56 WIB,https://news.detik.com/berita-jawa-tengah/d-5144652/yang-masih-jadi-misteri-di-pembunuhan-4-orang-sekeluarga-sukoharjo?single=1
63,d-5144519,Pelaku Pembunuhan Sekeluarga di Sukoharjo Gadaikan Mobil Korban Rp 82 Juta, 24 Agu 2020 15:40 WIB,https://news.detik.com/berita-jawa-tengah/d-5144519/pelaku-pembunuhan-sekeluarga-di-sukoharjo-gadaikan-mobil-korban-rp-82-juta?single=1
64,d-5144402,Pembunuh 4 Orang Sekeluarga di Sukoharjo Ternyata Teman Korban Sejak SD, 24 Agu 2020 14:30 WIB,https://news.detik.com/berita-jawa-tengah/d-5144402/pembunuh-4-orang-sekeluarga-di-sukoharjo-ternyata-teman-korban-sejak-sd?single=1
65,d-5144041,David Si Pembunuh Ayah Kandung Berulah Curi Truk di Cilegon, 24 Agu 2020 10:34 WIB,https://news.detik.com/berita/d-5144041/david-si-pembunuh-ayah-kandung-berulah-curi-truk-di-cilegon?single=1
66,d-5143575,"Sebulan Ada 2 Kasus Pembunuhan Sekeluarga di Jateng, Ini Kata Pakar", 23 Agu 2020 18:20 WIB,https://news.detik.com/berita-jawa-tengah/d-5143575/sebulan-ada-2-kasus-pembunuhan-sekeluarga-di-jateng-ini-kata-pakar?single=1
67,d-5143348,Kronologi Kasus Pembunuhan 4 Orang Sekeluarga di Sukoharjo, 23 Agu 2020 14:36 WIB,https://news.detik.com/berita-jawa-tengah/d-5143348/kronologi-kasus-pembunuhan-4-orang-sekeluarga-di-sukoharjo?single=1
68,d-5142823,Sekuriti di Sulsel Diburu Polisi Usai Coba Perkosa Remaja Pakai Modus Loker, 22 Agu 2020 19:58 WIB,https://news.detik.com/berita/d-5142823/sekuriti-di-sulsel-diburu-polisi-usai-coba-perkosa-remaja-pakai-modus-loker?single=1
69,d-5141270,Seorang Pria di Dompu NTB Bunuh Iparnya Sendiri Gegara Sakit Hati, 21 Agu 2020 12:29 WIB,https://news.detik.com/berita/d-5141270/seorang-pria-di-dompu-ntb-bunuh-iparnya-sendiri-gegara-sakit-hati?single=1
70,d-5141108,"Bermula dari Ajakan Grup WA, Ini 3 Fakta Terbaru Penyerangan di Solo", 21 Agu 2020 08:48 WIB,https://news.detik.com/berita-jawa-tengah/d-5141108/bermula-dari-ajakan-grup-wa-ini-3-fakta-terbaru-penyerangan-di-solo?single=1
71,d-5140582,2 Penghasut Penyerangan Solo Cukur Rambut untuk Tipu-tipu Polisi, 20 Agu 2020 16:02 WIB,https://news.detik.com/berita-jawa-tengah/d-5140582/2-penghasut-penyerangan-solo-cukur-rambut-untuk-tipu-tipu-polisi?single=1
72,d-5139319,"Pekerjakan Gadis ABG Jadi LC, Pemilik Karaoke di Semarang Ditangkap", 19 Agu 2020 16:23 WIB,https://news.detik.com/berita-jawa-tengah/d-5139319/pekerjakan-gadis-abg-jadi-lc-pemilik-karaoke-di-semarang-ditangkap?single=1
73,d-5137732,Kronologi Ibu Bunuh dan Lempar Bayinya dari Lantai 3 di Rembang, 18 Agu 2020 13:52 WIB,https://news.detik.com/berita-jawa-tengah/d-5137732/kronologi-ibu-bunuh-dan-lempar-bayinya-dari-lantai-3-di-rembang?single=1
74,d-5137569,Ibu yang Tega Bunuh dan Lempar Bayinya dari Lantai 3 Belum Nikah, 18 Agu 2020 12:06 WIB,https://news.detik.com/berita-jawa-tengah/d-5137569/ibu-yang-tega-bunuh-dan-lempar-bayinya-dari-lantai-3-belum-nikah?single=1
75,d-5137523,"Bertambah, Sudah 10 Penyerang Acara Doa Nikah di Solo yang Ditangkap", 18 Agu 2020 11:44 WIB,https://news.detik.com/berita-jawa-tengah/d-5137523/bertambah-sudah-10-penyerang-acara-doa-nikah-di-solo-yang-ditangkap?single=1
76,d-5137466,Penggerak Penyerangan Acara Doa Nikah di Solo Terancam 9 Tahun Bui, 18 Agu 2020 11:14 WIB,https://news.detik.com/berita-jawa-tengah/d-5137466/penggerak-penyerangan-acara-doa-nikah-di-solo-terancam-9-tahun-bui?single=1
77,d-5135709,Polisi Ralat Informasi soal Bully-Tampar Gadis di Solo: Pelaku Usia SMP, 16 Agu 2020 18:18 WIB,https://news.detik.com/berita-jawa-tengah/d-5135709/polisi-ralat-informasi-soal-bully-tampar-gadis-di-solo-pelaku-usia-smp?single=1
78,d-5135555,Ayah Nekat Jambret Ponsel untuk Sarana Belajar Online Anak, 16 Agu 2020 15:35 WIB,https://news.detik.com/berita-jawa-tengah/d-5135555/ayah-nekat-jambret-ponsel-untuk-sarana-belajar-online-anak?single=1
79,d-5134784,"Pasca-Penyerangan Acara Anak Habib Umar Assegaf, Polisi Gencar Razia di Solo", 15 Agu 2020 18:22 WIB,https://news.detik.com/berita-jawa-tengah/d-5134784/pasca-penyerangan-acara-anak-habib-umar-assegaf-polisi-gencar-razia-di-solo?single=1
80,d-5134590,"Merana Nenek Penjual Jajan Kena Tipu, Uang dan Dagangan Ludes Digondol", 15 Agu 2020 15:05 WIB,https://news.detik.com/berita-jawa-tengah/d-5134590/merana-nenek-penjual-jajan-kena-tipu-uang-dan-dagangan-ludes-digondol?single=1
81,d-5133143,"Penembakan Maut di Kelapa Gading, Pelaku Tembak Korban 5 Kali", 14 Agu 2020 14:21 WIB,https://news.detik.com/berita/d-5133143/penembakan-maut-di-kelapa-gading-pelaku-tembak-korban-5-kali?single=1
82,d-5132858,"Pakai Parang, Suami di Kendari Tebas Istri Sendiri hingga Tewas", 14 Agu 2020 10:54 WIB,https://news.detik.com/berita/d-5132858/pakai-parang-suami-di-kendari-tebas-istri-sendiri-hingga-tewas?single=1
83,d-5132251,"Sepasang Kekasih Sadis Pembunuh ABG Divonis 9 dan 4,5 Tahun", 13 Agu 2020 19:29 WIB,https://news.detik.com/berita-jawa-tengah/d-5132251/sepasang-kekasih-sadis-pembunuh-abg-divonis-9-dan-45-tahun?single=1
84,d-5131682,"Bius Sopir dengan Ramuan, Komplotan Pencuri Ini Gasak Mobil Mewah", 13 Agu 2020 14:53 WIB,https://news.detik.com/berita-jawa-tengah/d-5131682/bius-sopir-dengan-ramuan-komplotan-pencuri-ini-gasak-mobil-mewah?single=1
85,d-5130892,Pengacara: 4 Tersangka Penyerang Doa Nikah di Solo Hanya Simpatisan, 12 Agu 2020 20:53 WIB,https://news.detik.com/berita-jawa-tengah/d-5130892/pengacara-4-tersangka-penyerang-doa-nikah-di-solo-hanya-simpatisan?single=1
86,d-5130510,Pencuri Ini Ngaku Bagikan Hasil Curiannya ke Pengemis dan Tukang Becak, 12 Agu 2020 17:55 WIB,https://news.detik.com/berita-jawa-tengah/d-5130510/pencuri-ini-ngaku-bagikan-hasil-curiannya-ke-pengemis-dan-tukang-becak?single=1
87,d-5129162,Ini Tampang 5 Pelaku Penyerangan Doa Nikahan Anak Habib Umar Assegaf, 11 Agu 2020 18:50 WIB,https://news.detik.com/berita-jawa-tengah/d-5129162/ini-tampang-5-pelaku-penyerangan-doa-nikahan-anak-habib-umar-assegaf?single=1
88,d-5129093,Ini Peran 5 Pelaku di Penyerangan Doa Nikahan Anak Habib Umar Assegaf, 11 Agu 2020 18:18 WIB,https://news.detik.com/berita-jawa-tengah/d-5129093/ini-peran-5-pelaku-di-penyerangan-doa-nikahan-anak-habib-umar-assegaf?single=1
89,d-5128316,Keluarga Ungkap Detik-detik Mencekam Doa Pernikahan di Solo Diserang, 11 Agu 2020 11:21 WIB,https://news.detik.com/berita-jawa-tengah/d-5128316/keluarga-ungkap-detik-detik-mencekam-doa-pernikahan-di-solo-diserang?single=1
90,d-5127563,"Mobil Pejabat Pemkab Sragen Dibobol Maling, Duit Rp 80 juta Raib", 10 Agu 2020 18:17 WIB,https://news.detik.com/berita-jawa-tengah/d-5127563/mobil-pejabat-pemkab-sragen-dibobol-maling-duit-rp-80-juta-raib?single=1
91,d-5127435,Sepasang Kekasih Sadis Pembunuh 2 ABG Dituntut Lebih dari 6 Tahun Bui, 10 Agu 2020 17:16 WIB,https://news.detik.com/berita-jawa-tengah/d-5127435/sepasang-kekasih-sadis-pembunuh-2-abg-dituntut-lebih-dari-6-tahun-bui?single=1
92,d-5127411,Keluarga Ungkap Detik-detik Penyerangan Acara Doa Pernikahan di Solo, 10 Agu 2020 17:12 WIB,https://news.detik.com/berita-jawa-tengah/d-5127411/keluarga-ungkap-detik-detik-penyerangan-acara-doa-pernikahan-di-solo?single=1
93,d-5127191,Alasan Polisi Tak Tangkap Penyerang Acara Doa Pernikahan Solo di TKP, 10 Agu 2020 15:37 WIB,https://news.detik.com/berita-jawa-tengah/d-5127191/alasan-polisi-tak-tangkap-penyerang-acara-doa-pernikahan-solo-di-tkp?single=1
94,d-5126793,"Acara Doa Pernikahan di Solo Diserang Massa, Gusdurian: Memilukan!", 10 Agu 2020 11:26 WIB,https://news.detik.com/berita-jawa-tengah/d-5126793/acara-doa-pernikahan-di-solo-diserang-massa-gusdurian-memilukan?single=1
95,d-5125790,Anak di Riau Ngaku Diperkosa Ayah Kandungnya Tiga Kali Saat Ibunya Kerja, 09 Agu 2020 08:55 WIB,https://news.detik.com/berita/d-5125790/anak-di-riau-ngaku-diperkosa-ayah-kandungnya-tiga-kali-saat-ibunya-kerja?single=1
96,d-5124030,Pria di NTB Dihukum Penjara Seumur Hidup karena Bunuh dan Bakar Pacarnya, 07 Agu 2020 14:45 WIB,https://news.detik.com/berita/d-5124030/pria-di-ntb-dihukum-penjara-seumur-hidup-karena-bunuh-dan-bakar-pacarnya?single=1
97,d-5123289,2 Remaja Maling Helm Kena Gebuk Warga di Makassar, 06 Agu 2020 20:14 WIB,https://news.detik.com/berita/d-5123289/2-remaja-maling-helm-kena-gebuk-warga-di-makassar?single=1
98,d-5122398,Pencurian Mobil Bank di Solo Diwarnai Serempet Satpam dan Kejar-kejaran, 06 Agu 2020 12:26 WIB,https://news.detik.com/berita-jawa-tengah/d-5122398/pencurian-mobil-bank-di-solo-diwarnai-serempet-satpam-dan-kejar-kejaran?single=1
99,d-5120788,"Peras Warga, 5 Orang Anggota BNN Gadungan Ditangkap", 05 Agu 2020 10:19 WIB,https://news.detik.com/berita/d-5120788/peras-warga-5-orang-anggota-bnn-gadungan-ditangkap?single=1
100,d-5119995,"Diancam Dipecat-Dicekoki Miras, Seorang ABG Dicabuli Juragannya", 04 Agu 2020 16:32 WIB,https://news.detik.com/berita-jawa-tengah/d-5119995/diancam-dipecat-dicekoki-miras-seorang-abg-dicabuli-juragannya?single=1
101,d-5119439,Pelaku Teror Paket Parabola-Pisang 1 Truk Terancam 12 Tahun Bui, 04 Agu 2020 10:58 WIB,https://news.detik.com/berita-jawa-tengah/d-5119439/pelaku-teror-paket-parabola-pisang-1-truk-terancam-12-tahun-bui?single=1
102,d-5119367,4 Fakta Mengejutkan di Balik Pembunuhan Sadis Pasutri di Tegal, 04 Agu 2020 09:48 WIB,https://news.detik.com/berita-jawa-tengah/d-5119367/4-fakta-mengejutkan-di-balik-pembunuhan-sadis-pasutri-di-tegal?single=1
103,d-5119117,Jahat! Pria Ini Tega Cabuli Anak Kandung di Blora, 03 Agu 2020 21:38 WIB,https://news.detik.com/berita-jawa-tengah/d-5119117/jahat-pria-ini-tega-cabuli-anak-kandung-di-blora?single=1
104,d-5118951,"Ada Prostitusi Libatkan Siswi SMA, Pengawasan Kos di Banjarnegara Diperketat", 03 Agu 2020 19:34 WIB,https://news.detik.com/berita-jawa-tengah/d-5118951/ada-prostitusi-libatkan-siswi-sma-pengawasan-kos-di-banjarnegara-diperketat?single=1
105,d-5118880,Terungkap! Dendam di Balik Teror Paket Parabola-1 Truk Pisang ke Mbak Titik, 03 Agu 2020 18:42 WIB,https://news.detik.com/berita-jawa-tengah/d-5118880/terungkap-dendam-di-balik-teror-paket-parabola-1-truk-pisang-ke-mbak-titik?single=1
106,d-5118690,Pelaku Pembunuhan Sadis Pasutri di Tegal Diancam Hukuman Mati, 03 Agu 2020 17:27 WIB,https://news.detik.com/berita-jawa-tengah/d-5118690/pelaku-pembunuhan-sadis-pasutri-di-tegal-diancam-hukuman-mati?single=1
107,d-5118587,Detik-detik Pembunuhan Sadis Pasutri di Tegal Berawal dari Makian, 03 Agu 2020 16:29 WIB,https://news.detik.com/berita-jawa-tengah/d-5118587/detik-detik-pembunuhan-sadis-pasutri-di-tegal-berawal-dari-makian?single=1
108,d-5118486,Polisi Sita HP dan Sim Card Pelaku Teror Paket Parabola dan 1 Truk Pisang, 03 Agu 2020 15:42 WIB,https://news.detik.com/berita-jawa-tengah/d-5118486/polisi-sita-hp-dan-sim-card-pelaku-teror-paket-parabola-dan-1-truk-pisang?single=1
109,d-5118375,Terkuak! Pembunuh Pasutri di Tegal Ternyata Sakit Hati ke Korban Perempuan, 03 Agu 2020 14:48 WIB,https://news.detik.com/berita-jawa-tengah/d-5118375/terkuak-pembunuh-pasutri-di-tegal-ternyata-sakit-hati-ke-korban-perempuan?single=1
110,d-5118289,Pelaku Teror Paket Parabola dan Pisang 1 Truk Ditangkap di Semarang, 03 Agu 2020 13:49 WIB,https://news.detik.com/berita-jawa-tengah/d-5118289/pelaku-teror-paket-parabola-dan-pisang-1-truk-ditangkap-di-semarang?single=1
111,d-5118193,Polisi Rilis Update Kasus Paket Misterius yang 2 Tahun Teror Mbak Titik, 03 Agu 2020 13:04 WIB,https://news.detik.com/berita-jawa-tengah/d-5118193/polisi-rilis-update-kasus-paket-misterius-yang-2-tahun-teror-mbak-titik?single=1
112,d-5116189,Polisi Duga Motif Pelajar di Kukar Rampok Toko Emas Adalah Persaingan Usaha, 01 Agu 2020 09:56 WIB,https://news.detik.com/berita/d-5116189/polisi-duga-motif-pelajar-di-kukar-rampok-toko-emas-adalah-persaingan-usaha?single=1
113,d-5115625,"Kenalan di Medsos, Pria Ini Aniaya Perempuan Paruh Baya Pakai Palu", 31 Jul 2020 15:37 WIB,https://news.detik.com/berita-jawa-tengah/d-5115625/kenalan-di-medsos-pria-ini-aniaya-perempuan-paruh-baya-pakai-palu?single=1
114,d-5115445,Perselisihan Bisnis Lovebird Berujung Pembunuhan Sadis Pasutri, 31 Jul 2020 13:03 WIB,https://news.detik.com/berita-jawa-tengah/d-5115445/perselisihan-bisnis-lovebird-berujung-pembunuhan-sadis-pasutri?single=1
115,d-5114036,Kronologi Terungkapnya Pembunuhan Sadis Pasutri di Tegal, 30 Jul 2020 13:58 WIB,https://news.detik.com/berita-jawa-tengah/d-5114036/kronologi-terungkapnya-pembunuhan-sadis-pasutri-di-tegal?single=1
116,d-5114005,Ada-ada Aja! Pemuda di Jepara Ini Jual Brownis dan Kukis Berbahan Ganja, 30 Jul 2020 13:34 WIB,https://news.detik.com/berita-jawa-tengah/d-5114005/ada-ada-aja-pemuda-di-jepara-ini-jual-brownis-dan-kukis-berbahan-ganja?single=1
117,d-5113278,Pelaku Pembunuhan Sadis Pasutri di Tegal Sudah Ditangkap!, 29 Jul 2020 20:18 WIB,https://news.detik.com/berita-jawa-tengah/d-5113278/pelaku-pembunuhan-sadis-pasutri-di-tegal-sudah-ditangkap?single=1
118,d-5113276,Tragis! Pasutri Ini Ditemukan Tewas Dibunuh di Tegal, 29 Jul 2020 20:12 WIB,https://news.detik.com/berita-jawa-tengah/d-5113276/tragis-pasutri-ini-ditemukan-tewas-dibunuh-di-tegal?single=1
119,d-5112815,"Teror Paket ke Mbak Titik Mereda, Terakhir Dikirimi Pisang 1,5 Ton", 29 Jul 2020 16:38 WIB,https://news.detik.com/berita-jawa-tengah/d-5112815/teror-paket-ke-mbak-titik-mereda-terakhir-dikirimi-pisang-15-ton?single=1
120,d-5112638,Ini Kondisi Terkini Mbak Titik yang Diteror Paket Parabola-Pisang 1 Truk, 29 Jul 2020 15:06 WIB,https://news.detik.com/berita-jawa-tengah/d-5112638/ini-kondisi-terkini-mbak-titik-yang-diteror-paket-parabola-pisang-1-truk?single=1
121,d-5112614,Polisi Akan Periksa Kejiwaan 2 Tersangka Penculikan Bocah di Jaksel, 29 Jul 2020 14:55 WIB,https://news.detik.com/berita/d-5112614/polisi-akan-periksa-kejiwaan-2-tersangka-penculikan-bocah-di-jaksel?single=1
122,d-5112592,Polisi Masih Buru Pengirim Parabola-Pisang 1 Truk yang Teror Mbak Titik, 29 Jul 2020 14:43 WIB,https://news.detik.com/berita-jawa-tengah/d-5112592/polisi-masih-buru-pengirim-parabola-pisang-1-truk-yang-teror-mbak-titik?single=1
123,d-5112457,Polisi Tetapkan Ibu-Anak sebagai Tersangka Kasus Penculikan Bocah di Jaksel, 29 Jul 2020 13:23 WIB,https://news.detik.com/berita/d-5112457/polisi-tetapkan-ibu-anak-sebagai-tersangka-kasus-penculikan-bocah-di-jaksel?single=1
124,d-5112367,"Ironi! Bayi Lucu Ini Dibuang, Tapi Ortu Tulis Pesan Begini", 29 Jul 2020 12:29 WIB,https://news.detik.com/berita-jawa-tengah/d-5112367/ironi-bayi-lucu-ini-dibuang-tapi-ortu-tulis-pesan-begini?single=1
125,d-5112262,"Perempuan Tanpa Identitas Ditemukan Tewas, Jatuh dari Apartemen di Ancol", 29 Jul 2020 11:20 WIB,https://news.detik.com/berita/d-5112262/perempuan-tanpa-identitas-ditemukan-tewas-jatuh-dari-apartemen-di-ancol?single=1
126,d-5112134,"Serang Polisi Pakai Samurai, Seorang Bandit di Pekanbaru Tewas Ditembak", 29 Jul 2020 09:27 WIB,https://news.detik.com/berita/d-5112134/serang-polisi-pakai-samurai-seorang-bandit-di-pekanbaru-tewas-ditembak?single=1
127,d-5109794,"Waduh! Dibakar Cemburu, Pria Ini Tega Gigit dan Pukuli Pacarnya", 27 Jul 2020 16:52 WIB,https://news.detik.com/berita-jawa-tengah/d-5109794/waduh-dibakar-cemburu-pria-ini-tega-gigit-dan-pukuli-pacarnya?single=1
128,d-5108834,"Incar Motor Korban, Pasangan Remaja Tega Habisi 2 Kawan di Pekalongan", 26 Jul 2020 20:43 WIB,https://news.detik.com/berita-jawa-tengah/d-5108834/incar-motor-korban-pasangan-remaja-tega-habisi-2-kawan-di-pekalongan?single=1
129,d-5107983,Kawanan Pencuri Spesialis Rest Area Tol Diringkus di Kendal, 25 Jul 2020 21:26 WIB,https://news.detik.com/berita-jawa-tengah/d-5107983/kawanan-pencuri-spesialis-rest-area-tol-diringkus-di-kendal?single=1
130,d-5107760,Durjana! Pria 67 Tahun Setubuhi Siswi SMP di Kebumen, 25 Jul 2020 17:19 WIB,https://news.detik.com/berita-jawa-tengah/d-5107760/durjana-pria-67-tahun-setubuhi-siswi-smp-di-kebumen?single=1
131,d-5107358,Dua Perampok Bersenjata Gasak Toko Emas di Blora, 25 Jul 2020 11:28 WIB,https://news.detik.com/berita-jawa-tengah/d-5107358/dua-perampok-bersenjata-gasak-toko-emas-di-blora?single=1
132,d-5107161,Ngeri Imam Masjid Ditusuk Pasien Rukiah, 25 Jul 2020 07:13 WIB,https://news.detik.com/berita/d-5107161/ngeri-imam-masjid-ditusuk-pasien-rukiah?single=1
133,d-5106765,"Pisau Penusuk Imam Masjid di Pekanbaru Bengkok, Ini Kata Polisi", 24 Jul 2020 18:24 WIB,https://news.detik.com/berita/d-5106765/pisau-penusuk-imam-masjid-di-pekanbaru-bengkok-ini-kata-polisi?single=1
134,d-5106603,Progres Terkini Penyidikan Sepasang Kekasih Sadis Habisi Nyawa 2 ABG, 24 Jul 2020 16:55 WIB,https://news.detik.com/berita-jawa-tengah/d-5106603/progres-terkini-penyidikan-sepasang-kekasih-sadis-habisi-nyawa-2-abg?single=1
135,d-5106581,Polisi Selidiki Motif di Balik 2 Tahun Teror Paket ke Gadis Kendal, 24 Jul 2020 16:40 WIB,https://news.detik.com/berita-jawa-tengah/d-5106581/polisi-selidiki-motif-di-balik-2-tahun-teror-paket-ke-gadis-kendal?single=1
136,d-5106518,Terungkap! Pelaku Sodomi 30 Bocah di Cilacap Pernah Jadi Korban Serupa, 24 Jul 2020 15:58 WIB,https://news.detik.com/berita-jawa-tengah/d-5106518/terungkap-pelaku-sodomi-30-bocah-di-cilacap-pernah-jadi-korban-serupa?single=1
137,d-5106439,Pria Sodomi 30 Bocah Sekampung di Cilacap Jalani Rekonstruksi, 24 Jul 2020 15:00 WIB,https://news.detik.com/berita-jawa-tengah/d-5106439/pria-sodomi-30-bocah-sekampung-di-cilacap-jalani-rekonstruksi?single=1
138,d-5105942,Kisah Sadisnya Sepasang Kekasih yang Habisi Nyawa 2 ABG Pekalongan, 24 Jul 2020 08:19 WIB,https://news.detik.com/berita-jawa-tengah/d-5105942/kisah-sadisnya-sepasang-kekasih-yang-habisi-nyawa-2-abg-pekalongan?single=1
139,d-5105457,Rekonstruksi Pembunuhan ABG di Pekalongan Dijaga Ketat Polisi, 23 Jul 2020 21:30 WIB,https://news.detik.com/foto-news/d-5105457/rekonstruksi-pembunuhan-abg-di-pekalongan-dijaga-ketat-polisi?single=1
140,d-5105702,"Bukannya Romantis tapi Malah Bengis, Sepasang Kekasih Ini Bunuh 2 ABG", 23 Jul 2020 21:03 WIB,https://news.detik.com/berita-jawa-tengah/d-5105702/bukannya-romantis-tapi-malah-bengis-sepasang-kekasih-ini-bunuh-2-abg?single=1
141,d-5105652,Begini Kondisi Bocah 8 Tahun yang Dihajar Tetangga hingga Pendarahan Otak, 23 Jul 2020 19:55 WIB,https://news.detik.com/berita-jawa-tengah/d-5105652/begini-kondisi-bocah-8-tahun-yang-dihajar-tetangga-hingga-pendarahan-otak?single=1
142,d-5105348,6 Fakta Terbaru dari Pasangan Kekasih Sadis yang Habisi Nyawa ABG, 23 Jul 2020 17:23 WIB,https://news.detik.com/berita-jawa-tengah/d-5105348/6-fakta-terbaru-dari-pasangan-kekasih-sadis-yang-habisi-nyawa-abg?single=1
143,d-5105264,Kawanan Pencuri Spesialis Perkantoran di Bekasi Ditangkap Usai Bobol 15 TKP, 23 Jul 2020 16:41 WIB,https://news.detik.com/berita/d-5105264/kawanan-pencuri-spesialis-perkantoran-di-bekasi-ditangkap-usai-bobol-15-tkp?single=1
144,d-5105177,Kronologi Bocah 8 Tahun Dianiaya Tetangga hingga Pendarahan Otak, 23 Jul 2020 16:09 WIB,https://news.detik.com/berita-jawa-tengah/d-5105177/kronologi-bocah-8-tahun-dianiaya-tetangga-hingga-pendarahan-otak?single=1
145,d-5105154,Begini Awal Mula Terungkapnya Kasus Sodomi 30 Bocah di Cilacap, 23 Jul 2020 15:53 WIB,https://news.detik.com/berita-jawa-tengah/d-5105154/begini-awal-mula-terungkapnya-kasus-sodomi-30-bocah-di-cilacap?single=1
146,d-5105139,Polisi Bersenjata Amankan Rekonstruksi Sepasang Kekasih Habisi ABG, 23 Jul 2020 15:37 WIB,https://news.detik.com/berita-jawa-tengah/d-5105139/polisi-bersenjata-amankan-rekonstruksi-sepasang-kekasih-habisi-abg?single=1
147,d-5105113,Terkuak! Ini Modus dan Lokasi Aksi Sadis Pasangan Kekasih Habisi ABG, 23 Jul 2020 15:22 WIB,https://news.detik.com/berita-jawa-tengah/d-5105113/terkuak-ini-modus-dan-lokasi-aksi-sadis-pasangan-kekasih-habisi-abg?single=1
148,d-5104981,Bocah 8 Tahun Dihajar Tetangga hingga Pendarahan Otak Hanya Gegara Ini, 23 Jul 2020 14:10 WIB,https://news.detik.com/berita-jawa-tengah/d-5104981/bocah-8-tahun-dihajar-tetangga-hingga-pendarahan-otak-hanya-gegara-ini?single=1
149,d-5104746,"Pria di Cilacap Sodomi 30 Bocah, Polisi Cek Kemungkinan Korban Bertambah", 23 Jul 2020 11:55 WIB,https://news.detik.com/berita-jawa-tengah/d-5104746/pria-di-cilacap-sodomi-30-bocah-polisi-cek-kemungkinan-korban-bertambah?single=1
150,d-5104605,Hari Ini Akan Digelar Rekonstruksi Pembunuhan 2 ABG di Pekalongan, 23 Jul 2020 10:29 WIB,https://news.detik.com/berita-jawa-tengah/d-5104605/hari-ini-akan-digelar-rekonstruksi-pembunuhan-2-abg-di-pekalongan?single=1
151,d-5104508,"Aksi Bejat Kasimin, Sodomi 30 Bocah Sekampung di Cilacap", 23 Jul 2020 08:34 WIB,https://news.detik.com/berita-jawa-tengah/d-5104508/aksi-bejat-kasimin-sodomi-30-bocah-sekampung-di-cilacap?single=1
152,d-5104336,Terungkapnya Aksi Bejat Pria Sodomi 30 Bocah di Cilacap, 22 Jul 2020 22:04 WIB,https://news.detik.com/berita-jawa-tengah/d-5104336/terungkapnya-aksi-bejat-pria-sodomi-30-bocah-di-cilacap?single=1
153,d-5104212,Kawanan Perampok Gasak Harta Korbannya Miliaran di Kudus Dibekuk, 22 Jul 2020 19:41 WIB,https://news.detik.com/berita-jawa-tengah/d-5104212/kawanan-perampok-gasak-harta-korbannya-miliaran-di-kudus-dibekuk?single=1
154,d-5103973,Pengakuan Bejat Pria yang Sodomi 30 Bocah di Cilacap, 22 Jul 2020 18:17 WIB,https://news.detik.com/berita-jawa-tengah/d-5103973/pengakuan-bejat-pria-yang-sodomi-30-bocah-di-cilacap?single=1
155,d-5103893,Terlalu! Pelaku Sodomi 30 Bocah Iming-imingi Korban Main Game Online, 22 Jul 2020 17:47 WIB,https://news.detik.com/berita-jawa-tengah/d-5103893/terlalu-pelaku-sodomi-30-bocah-iming-imingi-korban-main-game-online?single=1
156,d-5103874,Durjana! Pria di Cilacap Ini Sodomi 30 Bocah Tetangganya, 22 Jul 2020 17:34 WIB,https://news.detik.com/berita-jawa-tengah/d-5103874/durjana-pria-di-cilacap-ini-sodomi-30-bocah-tetangganya?single=1
157,d-5103794,"Kenalan di Medsos, Seorang Bocah Dicabuli 5 Pria di Pantai Cilacap", 22 Jul 2020 16:54 WIB,https://news.detik.com/berita-jawa-tengah/d-5103794/kenalan-di-medsos-seorang-bocah-dicabuli-5-pria-di-pantai-cilacap?single=1
158,d-5103630,Yang Masih Jadi Misteri dari Sadisnya Pasangan Kekasih Habisi 2 ABG, 22 Jul 2020 15:39 WIB,https://news.detik.com/berita-jawa-tengah/d-5103630/yang-masih-jadi-misteri-dari-sadisnya-pasangan-kekasih-habisi-2-abg?single=1
159,d-5102369,"Truk Tak Kuat Nanjak Hantam Tiang Listrik dan Terbakar, 2 Orang Tewas", 21 Jul 2020 16:38 WIB,https://news.detik.com/berita-jawa-tengah/d-5102369/truk-tak-kuat-nanjak-hantam-tiang-listrik-dan-terbakar-2-orang-tewas?single=1
160,d-5101726,Sadisnya Sepasang Kekasih Ini Habisi 2 Nyawa Temannya dalam 3 Bulan, 21 Jul 2020 10:15 WIB,https://news.detik.com/berita-jawa-tengah/d-5101726/sadisnya-sepasang-kekasih-ini-habisi-2-nyawa-temannya-dalam-3-bulan?single=1
161,d-5101635,"Disetubuhi Anggota Geng Motor, Gadis 14 Tahun di Samarinda Hamil 3 Bulan", 21 Jul 2020 08:49 WIB,https://news.detik.com/berita/d-5101635/disetubuhi-anggota-geng-motor-gadis-14-tahun-di-samarinda-hamil-3-bulan?single=1
162,d-5101282,"Ngaku Petinggi AAU, Napi Ini Tipu Korban Puluhan Juta", 20 Jul 2020 19:22 WIB,https://news.detik.com/berita-jawa-tengah/d-5101282/ngaku-petinggi-aau-napi-ini-tipu-korban-puluhan-juta?single=1
163,d-5101151,Update Terkini Kasus Sepasang Kekasih Sadis Habisi 2 ABG Pekalongan, 20 Jul 2020 18:15 WIB,https://news.detik.com/berita-jawa-tengah/d-5101151/update-terkini-kasus-sepasang-kekasih-sadis-habisi-2-abg-pekalongan?single=1
164,d-5100996,"Bobol Rekening Bank, Warga Brebes dan Bengkulu Ditangkap di Sumsel", 20 Jul 2020 17:25 WIB,https://news.detik.com/berita/d-5100996/bobol-rekening-bank-warga-brebes-dan-bengkulu-ditangkap-di-sumsel?single=1
165,d-5100807,Kronologi Terungkapnya Sepasang Kekasih Sadis Habisi 2 ABG Pekalongan, 20 Jul 2020 15:50 WIB,https://news.detik.com/berita-jawa-tengah/d-5100807/kronologi-terungkapnya-sepasang-kekasih-sadis-habisi-2-abg-pekalongan?single=1
166,d-5099492,Analisis Sosiolog Soal Kasus Persetubuhan Sepasang Anak di Banyumas, 19 Jul 2020 12:54 WIB,https://news.detik.com/berita-jawa-tengah/d-5099492/analisis-sosiolog-soal-kasus-persetubuhan-sepasang-anak-di-banyumas?single=1
167,d-5099447,Update Terbaru Geger Persetubuhan Sepasang Anak di Banyumas, 19 Jul 2020 12:03 WIB,https://news.detik.com/berita-jawa-tengah/d-5099447/update-terbaru-geger-persetubuhan-sepasang-anak-di-banyumas?single=1
168,d-5099427,Polisi Dalami Kaitan Pembunuh Sadis ABG dengan Mayat yang Ditemukan April Lalu, 19 Jul 2020 11:40 WIB,https://news.detik.com/berita-jawa-tengah/d-5099427/polisi-dalami-kaitan-pembunuh-sadis-abg-dengan-mayat-yang-ditemukan-april-lalu?single=1
169,d-5099296,Sepasang Kekasih di Balik Pembunuhan Sadis ABG di Pekalongan, 19 Jul 2020 09:03 WIB,https://news.detik.com/berita-jawa-tengah/d-5099296/sepasang-kekasih-di-balik-pembunuhan-sadis-abg-di-pekalongan?single=1
170,d-5099229,Pria di Kalsel Bunuh Ayahnya Usai Tak Dikasih Uang untuk Beli Velg, 19 Jul 2020 05:23 WIB,https://news.detik.com/berita/d-5099229/pria-di-kalsel-bunuh-ayahnya-usai-tak-dikasih-uang-untuk-beli-velg?single=1
171,d-5099103,Pacar ABG Bertato Jadi Tersangka Kedua Pembunuhan di Pekalongan, 18 Jul 2020 21:17 WIB,https://news.detik.com/berita-jawa-tengah/d-5099103/pacar-abg-bertato-jadi-tersangka-kedua-pembunuhan-di-pekalongan?single=1
172,d-5098080,Ini Dia Tampang Pembunuh Sadis ABG di Pekalongan, 17 Jul 2020 19:59 WIB,https://news.detik.com/berita-jawa-tengah/d-5098080/ini-dia-tampang-pembunuh-sadis-abg-di-pekalongan?single=1
173,d-5097812,Terungkap! Ini Dia Motif di Balik Pembunuhan Sadis ABG di Pekalongan, 17 Jul 2020 17:55 WIB,https://news.detik.com/berita-jawa-tengah/d-5097812/terungkap-ini-dia-motif-di-balik-pembunuhan-sadis-abg-di-pekalongan?single=1
174,d-5097106,"Hendak Wisata ke Bukit Alas Bandawasa Bogor Saat PSBB, 2 Orang Dianiaya", 17 Jul 2020 10:52 WIB,https://news.detik.com/berita/d-5097106/hendak-wisata-ke-bukit-alas-bandawasa-bogor-saat-psbb-2-orang-dianiaya?single=1
175,d-5096555,"2 Penipu Bermodus Penggandaan Uang di Banyumas Diringkus, 1 Buron", 16 Jul 2020 20:06 WIB,https://news.detik.com/berita-jawa-tengah/d-5096555/2-penipu-bermodus-penggandaan-uang-di-banyumas-diringkus-1-buron?single=1
176,d-5096003,ABG Tewas Bersimbah Darah di Pekalongan Diduga Korban Pembunuhan, 16 Jul 2020 15:38 WIB,https://news.detik.com/berita-jawa-tengah/d-5096003/abg-tewas-bersimbah-darah-di-pekalongan-diduga-korban-pembunuhan?single=1
177,d-5095934,Mayat ABG Bersimbah Darah Ditemukan di Sungai Pekalongan, 16 Jul 2020 14:41 WIB,https://news.detik.com/berita-jawa-tengah/d-5095934/mayat-abg-bersimbah-darah-ditemukan-di-sungai-pekalongan?single=1
178,d-5095895,"Persetubuhan Anak di Banyumas Dilakukan di Hotel, Polisi: Bisa Kena Sanksi", 16 Jul 2020 14:23 WIB,https://news.detik.com/berita-jawa-tengah/d-5095895/persetubuhan-anak-di-banyumas-dilakukan-di-hotel-polisi-bisa-kena-sanksi?single=1
179,d-5095855,Sosiolog: PSK Online Bertarif Ratusan Ribu Juga Laku di Kalangan Pelajar, 16 Jul 2020 14:06 WIB,https://news.detik.com/berita-jawa-tengah/d-5095855/sosiolog-psk-online-bertarif-ratusan-ribu-juga-laku-di-kalangan-pelajar?single=1
180,d-5095804,"Ternyata, Persetubuhan Sepasang Anak di Banyumas Berawal Kenalan di Medsos", 16 Jul 2020 13:41 WIB,https://news.detik.com/berita-jawa-tengah/d-5095804/ternyata-persetubuhan-sepasang-anak-di-banyumas-berawal-kenalan-di-medsos?single=1
181,d-5095765,Akhirnya Terungkap! ABG Tewas Saat Latihan Silat Ditendang-Dipukul Toya, 16 Jul 2020 13:11 WIB,https://news.detik.com/berita-jawa-tengah/d-5095765/akhirnya-terungkap-abg-tewas-saat-latihan-silat-ditendang-dipukul-toya?single=1
182,d-5095723,"Terungkapnya Persetubuhan Sepasang Anak, Pelaku Terpengaruh Video Porno", 16 Jul 2020 12:41 WIB,https://news.detik.com/berita-jawa-tengah/d-5095723/terungkapnya-persetubuhan-sepasang-anak-pelaku-terpengaruh-video-porno?single=1
183,d-5095487,Geger Terungkapnya Persetubuhan Sepasang Anak di Banyumas, 16 Jul 2020 09:48 WIB,https://news.detik.com/berita-jawa-tengah/d-5095487/geger-terungkapnya-persetubuhan-sepasang-anak-di-banyumas?single=1
184,d-5095268,"Kuras Ratusan Juta Duit Korban, 3 Pelaku Ganjal ATM Dibekuk Polres Jakbar", 15 Jul 2020 22:41 WIB,https://news.detik.com/berita/d-5095268/kuras-ratusan-juta-duit-korban-3-pelaku-ganjal-atm-dibekuk-polres-jakbar?single=1
185,d-5094796,"Teman Makan Teman, Pemuda Ini Gasak HP-Laptop Puluhan Juta di Yogya", 15 Jul 2020 17:30 WIB,https://news.detik.com/berita-jawa-tengah/d-5094796/teman-makan-teman-pemuda-ini-gasak-hp-laptop-puluhan-juta-di-yogya?single=1
186,d-5094726,Miris! Persetubuhan Sepasang Anak di Bawah Umur Terungkap di Banyumas, 15 Jul 2020 16:58 WIB,https://news.detik.com/berita-jawa-tengah/d-5094726/miris-persetubuhan-sepasang-anak-di-bawah-umur-terungkap-di-banyumas?single=1
187,d-5094177,Polisi Dalami Temuan Sidik Jari dan Kaus dari Kasus Perampokan di Kudus, 15 Jul 2020 11:58 WIB,https://news.detik.com/berita-jawa-tengah/d-5094177/polisi-dalami-temuan-sidik-jari-dan-kaus-dari-kasus-perampokan-di-kudus?single=1
188,d-5094101,Siapa Pejabat yang Anaknya Terseret Kasus Peredaran Ganja?, 15 Jul 2020 11:06 WIB,https://news.detik.com/berita-jawa-tengah/d-5094101/siapa-pejabat-yang-anaknya-terseret-kasus-peredaran-ganja?single=1
189,d-5093427,Detik-detik Murka Ayah yang Berujung Bakar Anak Sendiri di Temanggung, 14 Jul 2020 18:46 WIB,https://news.detik.com/berita-jawa-tengah/d-5093427/detik-detik-murka-ayah-yang-berujung-bakar-anak-sendiri-di-temanggung?single=1
190,d-5093132,"Ada Anak Pejabat di Balik Terungkapnya Jaringan Pengedar 2,4 Kg Ganja", 14 Jul 2020 16:25 WIB,https://news.detik.com/berita-jawa-tengah/d-5093132/ada-anak-pejabat-di-balik-terungkapnya-jaringan-pengedar-24-kg-ganja?single=1
191,d-5092795,"Mahasiswa Nyambi Jadi Muncikari di Yogya, Rekrut-'Jual' Korban Lewat Medsos", 14 Jul 2020 13:45 WIB,https://news.detik.com/berita-jawa-tengah/d-5092795/mahasiswa-nyambi-jadi-muncikari-di-yogya-rekrut-jual-korban-lewat-medsos?single=1
192,d-5090661,Tentang Orang Ketiga dan Pemeriksaan Sang Kekasih Editor Metro TV, 12 Jul 2020 21:04 WIB,https://news.detik.com/berita/d-5090661/tentang-orang-ketiga-dan-pemeriksaan-sang-kekasih-editor-metro-tv?single=1
193,d-5090535,"Lukai Polisi Saat Ditangkap, Jambret di Medan Ditembak Mati", 12 Jul 2020 19:02 WIB,https://news.detik.com/berita/d-5090535/lukai-polisi-saat-ditangkap-jambret-di-medan-ditembak-mati?single=1
194,d-5090153,"Kenal Via Medsos, Pemuda di Sibolga Setubuhi Gadis di Bawah Umur", 12 Jul 2020 12:16 WIB,https://news.detik.com/berita/d-5090153/kenal-via-medsos-pemuda-di-sibolga-setubuhi-gadis-di-bawah-umur?single=1
195,d-5088560,"Ada Jejak Darah di TKP Perampokan Kudus, Polisi: Itu Darah Anjing", 10 Jul 2020 18:43 WIB,https://news.detik.com/berita-jawa-tengah/d-5088560/ada-jejak-darah-di-tkp-perampokan-kudus-polisi-itu-darah-anjing?single=1
196,d-5088452,Tangga dan Anjing Mati Ditemukan di TKP Perampokan di Kudus, 10 Jul 2020 17:51 WIB,https://news.detik.com/berita-jawa-tengah/d-5088452/tangga-dan-anjing-mati-ditemukan-di-tkp-perampokan-di-kudus?single=1
197,d-5088351,Seorang Kades di Brebes Jadi Tersangka Penganiayaan Anak, 10 Jul 2020 16:56 WIB,https://news.detik.com/berita-jawa-tengah/d-5088351/seorang-kades-di-brebes-jadi-tersangka-penganiayaan-anak?single=1
198,d-5088049,"Dendam karena Dipecat, Pria di Sleman Bobol Toko Besi Mantan Majikan", 10 Jul 2020 14:33 WIB,https://news.detik.com/berita-jawa-tengah/d-5088049/dendam-karena-dipecat-pria-di-sleman-bobol-toko-besi-mantan-majikan?single=1
199,d-5087753,"Kawanan Perampok Gasak Rumah Warga Kudus, Korban Rugi Hingga Rp 2 M", 10 Jul 2020 11:33 WIB,https://news.detik.com/berita-jawa-tengah/d-5087753/kawanan-perampok-gasak-rumah-warga-kudus-korban-rugi-hingga-rp-2-m?single=1
200,d-5086533,Bejat! Preman Desa Ini Perkosa Gadis Tetangganya 3 Tahun hingga Hamil, 09 Jul 2020 14:48 WIB,https://news.detik.com/berita-jawa-tengah/d-5086533/bejat-preman-desa-ini-perkosa-gadis-tetangganya-3-tahun-hingga-hamil?single=1
201,d-5086218,Sopir di Palopo Buru Rekan Pakai Parang Gegara Kunci Mobilnya Hilang, 09 Jul 2020 11:55 WIB,https://news.detik.com/berita/d-5086218/sopir-di-palopo-buru-rekan-pakai-parang-gegara-kunci-mobilnya-hilang?single=1
202,d-5086101,"Tak Kapok, Residivis di Wajo Ditangkap Lagi Usai Curi 21 Tabung Gas", 09 Jul 2020 10:41 WIB,https://news.detik.com/berita/d-5086101/tak-kapok-residivis-di-wajo-ditangkap-lagi-usai-curi-21-tabung-gas?single=1
203,d-5085922,Seorang Pria di Makassar Ngamuk dan Ancam Warga Dalam Kondisi Mabuk, 09 Jul 2020 08:06 WIB,https://news.detik.com/berita/d-5085922/seorang-pria-di-makassar-ngamuk-dan-ancam-warga-dalam-kondisi-mabuk?single=1
204,d-5085745,Kronologi PDP Corona Tewas Setelah Lompat dari Lantai 3 RSUD Demak, 08 Jul 2020 21:57 WIB,https://news.detik.com/berita-jawa-tengah/d-5085745/kronologi-pdp-corona-tewas-setelah-lompat-dari-lantai-3-rsud-demak?single=1
205,d-5085473,"Pinjam Kamera Tak Dikembalikan, Pria Ini Dihajar Teman hingga Tewas", 08 Jul 2020 18:55 WIB,https://news.detik.com/berita-jawa-tengah/d-5085473/pinjam-kamera-tak-dikembalikan-pria-ini-dihajar-teman-hingga-tewas?single=1
206,d-5084682,Polisi Telusuri Video Viral Pencurian Tas Isi Laptop di Mal Jaksel, 08 Jul 2020 11:58 WIB,https://news.detik.com/berita/d-5084682/polisi-telusuri-video-viral-pencurian-tas-isi-laptop-di-mal-jaksel?single=1
207,d-5084583,4 Fakta Baru yang Terungkap di Balik Tewasnya ABG Saat Latihan Silat, 08 Jul 2020 11:14 WIB,https://news.detik.com/berita-jawa-tengah/d-5084583/4-fakta-baru-yang-terungkap-di-balik-tewasnya-abg-saat-latihan-silat?single=1
208,d-5084536,"Saling Menutupi, Saksi Tewasnya ABG Saat Latihan Silat Akan Dikonfrontasi", 08 Jul 2020 10:38 WIB,https://news.detik.com/berita-jawa-tengah/d-5084536/saling-menutupi-saksi-tewasnya-abg-saat-latihan-silat-akan-dikonfrontasi?single=1
209,d-5084101,Polisi Sebut Saksi ABG Tewas Saat Latihan Silat Saling Menutupi, 07 Jul 2020 20:32 WIB,https://news.detik.com/berita-jawa-tengah/d-5084101/polisi-sebut-saksi-abg-tewas-saat-latihan-silat-saling-menutupi?single=1
210,d-5084083,Residivis Spesialis Penjambret Perhiasan Emak-emak Didor Polisi Yogya, 07 Jul 2020 20:19 WIB,https://news.detik.com/berita-jawa-tengah/d-5084083/residivis-spesialis-penjambret-perhiasan-emak-emak-didor-polisi-yogya?single=1
211,d-5083955,"Usut Kematian ABG Saat Latihan Silat, Polisi: Terduga Pelakunya Pelatih", 07 Jul 2020 19:08 WIB,https://news.detik.com/berita-jawa-tengah/d-5083955/usut-kematian-abg-saat-latihan-silat-polisi-terduga-pelakunya-pelatih?single=1
212,d-5083938,"3 Pelaku Jual Beli Bayi di Yogya Ditangkap, Salah Satunya Bidan", 07 Jul 2020 19:02 WIB,https://news.detik.com/berita-jawa-tengah/d-5083938/3-pelaku-jual-beli-bayi-di-yogya-ditangkap-salah-satunya-bidan?single=1
213,d-5083061,5 Fakta yang Terungkap di Balik Tewasnya ABG Saat Latihan Silat, 07 Jul 2020 11:24 WIB,https://news.detik.com/berita-jawa-tengah/d-5083061/5-fakta-yang-terungkap-di-balik-tewasnya-abg-saat-latihan-silat?single=1
214,d-5082577,"Karyawati Bank di Tegal Gondol Duit Miliaran, Pengacara Buka Suara", 06 Jul 2020 19:59 WIB,https://news.detik.com/berita-jawa-tengah/d-5082577/karyawati-bank-di-tegal-gondol-duit-miliaran-pengacara-buka-suara?single=1
215,d-5081865,Sopir Taksi Online Bersimbah Darah di Bekasi Diduga Dirampok Penumpang, 06 Jul 2020 14:03 WIB,https://news.detik.com/berita/d-5081865/sopir-taksi-online-bersimbah-darah-di-bekasi-diduga-dirampok-penumpang?single=1
216,d-5081846,"Wanita Muda di Bogor Diteror Pemotor, Wajahnya Disiram Cairan Diduga Sperma", 06 Jul 2020 13:42 WIB,https://news.detik.com/berita/d-5081846/wanita-muda-di-bogor-diteror-pemotor-wajahnya-disiram-cairan-diduga-sperma?single=1
217,d-5081692,Pria di Palopo Kena Tikam Gegara Ajak Duel Eks Rekan Kerja, 06 Jul 2020 12:23 WIB,https://news.detik.com/berita/d-5081692/pria-di-palopo-kena-tikam-gegara-ajak-duel-eks-rekan-kerja?single=1
218,d-5080972,"Seorang Pria Ditemukan Bersimbah Darah di Bekasi, Ada Luka Sayat di Leher", 05 Jul 2020 17:41 WIB,https://news.detik.com/berita/d-5080972/seorang-pria-ditemukan-bersimbah-darah-di-bekasi-ada-luka-sayat-di-leher?single=1
219,d-5080563,"Vonis Mati Pembunuh dari Kalsel, Hakim Tegaskan RI Bukan Penganut HAM Liberal", 05 Jul 2020 10:39 WIB,https://news.detik.com/berita/d-5080563/vonis-mati-pembunuh-dari-kalsel-hakim-tegaskan-ri-bukan-penganut-ham-liberal?single=1
